t,count
1621086649,13
1621086650,47
1621086651,49
1621086652,49
1621086653,50
1621086654,47
1621086655,47
1621086656,45
1621086657,49
1621086658,48
1621086659,49
1621086660,49
1621086661,49
1621086662,49
1621086663,49
1621086664,49
1621086665,49
1621086666,48
1621086667,49
1621086668,49
1621086669,50
1621086670,49
1621086671,49
1621086672,49
1621086673,49
1621086674,49
1621086675,49
1621086676,49
1621086677,49
1621086678,49
1621086679,49
1621086680,49
1621086681,49
1621086682,49
1621086683,49
1621086684,49
1621086685,49
1621086686,49
1621086687,49
1621086688,49
1621086689,49
1621086690,49
1621086691,49
1621086692,49
1621086693,49
1621086694,49
1621086695,49
1621086696,49
1621086697,49
1621086698,50
1621086699,49
1621086700,48
1621086701,49
1621086702,49
1621086703,49
1621086704,49
1621086705,49
1621086706,49
1621086707,49
1621086708,49
1621086709,49
1621086710,49
1621086711,49
1621086712,49
1621086713,49
1621086714,49
1621086715,49
1621086716,49
1621086717,48
1621086718,49
1621086719,49
1621086720,49
1621086721,50
1621086722,49
1621086723,49
1621086724,49
1621086725,48
1621086726,49
1621086727,49
1621086728,49
1621086729,49
1621086730,49
1621086731,49
1621086732,49
1621086733,49
1621086734,48
1621086735,50
1621086736,49
1621086737,49
1621086738,49
1621086833,12
1621086834,48
1621086835,49
1621086836,48
1621086837,49
1621086838,49
1621086839,49
1621086840,49
1621086841,48
1621086842,49
1621086843,49
1621086844,49
1621086845,49
1621086846,49
1621086847,49
1621086848,49
1621086849,49
1621086850,49
1621086851,49
1621086852,49
1621086853,49
1621086854,49
1621086855,49
1621086856,48
1621086857,50
1621086858,49
1621086859,48
1621086860,49
1621086861,50
1621086862,49
1621086863,48
1621086864,50
1621086865,48
1621086866,49
1621086867,49
1621086868,49
1621086869,49
1621086870,49
1621086871,49
1621086872,49
1621086873,49
1621086874,49
1621086875,49
1621086876,49
1621086877,49
1621086878,49
1621086879,49
1621086880,49
1621086881,49
1621086882,49
1621086883,49
1621086884,49
1621086885,49
1621086886,49
1621086887,49
1621086888,49
1621086889,49
1621086890,49
1621086891,49
1621086892,49
1621086893,49
1621086894,49
1621086895,49
1621086896,49
1621086897,49
1621086898,49
1621086899,49
1621086900,48
1621086901,50
1621086902,49
1621086903,49
1621086904,49
1621086905,49
1621086906,49
1621086907,49
1621086908,49
1621086909,49
1621086910,49
1621086911,49
1621086912,49
1621086913,49
1621086914,49
1621086915,49
1621086916,49
1621086917,49
1621086918,49
1621086919,49
1621086920,50
1621086921,48
1621086922,50
1621086923,49
1621086924,49
1621086925,48
1621086926,49
1621086927,50
1621086928,48
1621086929,50
1621086930,49
1621086931,48
1621086932,49
1621086933,49
1621086934,49
1621086935,49
1621086936,49
1621086937,49
1621086938,49
1621086939,49
1621086940,49
1621086941,49
1621086942,49
1621086943,49
1621086944,49
1621086945,49
1621086946,49
1621086947,50
1621086948,49
1621086949,49
1621086950,48
1621086951,49
1621086952,49
1621086953,49
1621086954,49
1621086955,50
1621086956,49
1621086957,49
1621086958,48
1621086959,49
1621086960,49
1621086961,50
1621086962,49
1621086963,49
1621086964,49
1621086965,49
1621086966,49
1621086967,49
1621086968,49
1621086969,49
1621086970,49
1621086971,49
1621086972,49
1621086973,50
1621086974,49
1621086975,49
1621086976,49
1621086977,49
1621086978,49
1621086979,49
1621086980,49
1621086981,49
1621086982,49
1621086983,49
1621086984,49
1621086985,49
1621086986,49
1621086987,49
1621086988,49
1621086989,49
1621086990,49
1621086991,49
1621086992,49
1621086993,49
1621086994,49
1621086995,49
1621086996,49
1621086997,50
1621086649,13
1621086650,47
1621086651,49
1621086652,49
1621086653,50
1621086654,47
1621086655,47
1621086656,45
1621086657,49
1621086658,48
1621086659,49
1621086660,49
1621086661,49
1621086662,49
1621086663,49
1621086664,49
1621086665,49
1621086666,48
1621086667,49
1621086668,49
1621086669,50
1621086670,49
1621086671,49
1621086672,49
1621086673,49
1621086674,49
1621086675,49
1621086676,49
1621086677,49
1621086678,49
1621086679,49
1621086680,49
1621086681,49
1621086682,49
1621086683,49
1621086684,49
1621086685,49
1621086686,49
1621086687,49
1621086688,49
1621086689,49
1621086690,49
1621086691,49
1621086692,49
1621086693,49
1621086694,49
1621086695,49
1621086696,49
1621086697,49
1621086698,50
1621086699,49
1621086700,48
1621086701,49
1621086702,49
1621086703,49
1621086704,49
1621086705,49
1621086706,49
1621086707,49
1621086708,49
1621086709,49
1621086710,49
1621086711,49
1621086712,49
1621086713,49
1621086714,49
1621086715,49
1621086716,49
1621086717,48
1621086718,49
1621086719,49
1621086720,49
1621086721,50
1621086722,49
1621086723,49
1621086724,49
1621086725,48
1621086726,49
1621086727,49
1621086728,49
1621086729,49
1621086730,49
1621086731,49
1621086732,49
1621086733,49
1621086734,48
1621086735,50
1621086736,49
1621086737,49
1621086738,49
1621086833,12
1621086834,48
1621086835,49
1621086836,48
1621086837,49
1621086838,49
1621086839,49
1621086840,49
1621086841,48
1621086842,49
1621086843,49
1621086844,49
1621086845,49
1621086846,49
1621086847,49
1621086848,49
1621086849,49
1621086850,49
1621086851,49
1621086852,49
1621086853,49
1621086854,49
1621086855,49
1621086856,48
1621086857,50
1621086858,49
1621086859,48
1621086860,49
1621086861,50
1621086862,49
1621086863,48
1621086864,50
1621086865,48
1621086866,49
1621086867,49
1621086868,49
1621086869,49
1621086870,49
1621086871,49
1621086872,49
1621086873,49
1621086874,49
1621086875,49
1621086876,49
1621086877,49
1621086878,49
1621086879,49
1621086880,49
1621086881,49
1621086882,49
1621086883,49
1621086884,49
1621086885,49
1621086886,49
1621086887,49
1621086888,49
1621086889,49
1621086890,49
1621086891,49
1621086892,49
1621086893,49
1621086894,49
1621086895,49
1621086896,49
1621086897,49
1621086898,49
1621086899,49
1621086900,48
1621086901,50
1621086902,49
1621086903,49
1621086904,49
1621086905,49
1621086906,49
1621086907,49
1621086908,49
1621086909,49
1621086910,49
1621086911,49
1621086912,49
1621086913,49
1621086914,49
1621086915,49
1621086916,49
1621086917,49
1621086918,49
1621086919,49
1621086920,50
1621086921,48
1621086922,50
1621086923,49
1621086924,49
1621086925,48
1621086926,49
1621086927,50
1621086928,48
1621086929,50
1621086930,49
1621086931,48
1621086932,49
1621086933,49
1621086934,49
1621086935,49
1621086936,49
1621086937,49
1621086938,49
1621086939,49
1621086940,49
1621086941,49
1621086942,49
1621086943,49
1621086944,49
1621086945,49
1621086946,49
1621086947,50
1621086948,49
1621086949,49
1621086950,48
1621086951,49
1621086952,49
1621086953,49
1621086954,49
1621086955,50
1621086956,49
1621086957,49
1621086958,48
1621086959,49
1621086960,49
1621086961,50
1621086962,49
1621086963,49
1621086964,49
1621086965,49
1621086966,49
1621086967,49
1621086968,49
1621086969,49
1621086970,49
1621086971,49
1621086972,49
1621086973,50
1621086974,49
1621086975,49
1621086976,49
1621086977,49
1621086978,49
1621086979,49
1621086980,49
1621086981,49
1621086982,49
1621086983,49
1621086984,49
1621086985,49
1621086986,49
1621086987,49
1621086988,49
1621086989,49
1621086990,49
1621086991,49
1621086992,49
1621086993,49
1621086994,49
1621086995,49
1621086996,49
1621086997,50
1621086649,13
1621086650,47
1621086651,49
1621086652,49
1621086653,50
1621086654,47
1621086655,47
1621086656,45
1621086657,49
1621086658,48
1621086659,49
1621086660,49
1621086661,49
1621086662,49
1621086663,49
1621086664,49
1621086665,49
1621086666,48
1621086667,49
1621086668,49
1621086669,50
1621086670,49
1621086671,49
1621086672,49
1621086673,49
1621086674,49
1621086675,49
1621086676,49
1621086677,49
1621086678,49
1621086679,49
1621086680,49
1621086681,49
1621086682,49
1621086683,49
1621086684,49
1621086685,49
1621086686,49
1621086687,49
1621086688,49
1621086689,49
1621086690,49
1621086691,49
1621086692,49
1621086693,49
1621086694,49
1621086695,49
1621086696,49
1621086697,49
1621086698,50
1621086699,49
1621086700,48
1621086701,49
1621086702,49
1621086703,49
1621086704,49
1621086705,49
1621086706,49
1621086707,49
1621086708,49
1621086709,49
1621086710,49
1621086711,49
1621086712,49
1621086713,49
1621086714,49
1621086715,49
1621086716,49
1621086717,48
1621086718,49
1621086719,49
1621086720,49
1621086721,50
1621086722,49
1621086723,49
1621086724,49
1621086725,48
1621086726,49
1621086727,49
1621086728,49
1621086729,49
1621086730,49
1621086731,49
1621086732,49
1621086733,49
1621086734,48
1621086735,50
1621086736,49
1621086737,49
1621086738,49
1621086833,12
1621086834,48
1621086835,49
1621086836,48
1621086837,49
1621086838,49
1621086839,49
1621086840,49
1621086841,48
1621086842,49
1621086843,49
1621086844,49
1621086845,49
1621086846,49
1621086847,49
1621086848,49
1621086849,49
1621086850,49
1621086851,49
1621086852,49
1621086853,49
1621086854,49
1621086855,49
1621086856,48
1621086857,50
1621086858,49
1621086859,48
1621086860,49
1621086861,50
1621086862,49
1621086863,48
1621086864,50
1621086865,48
1621086866,49
1621086867,49
1621086868,49
1621086869,49
1621086870,49
1621086871,49
1621086872,49
1621086873,49
1621086874,49
1621086875,49
1621086876,49
1621086877,49
1621086878,49
1621086879,49
1621086880,49
1621086881,49
1621086882,49
1621086883,49
1621086884,49
1621086885,49
1621086886,49
1621086887,49
1621086888,49
1621086889,49
1621086890,49
1621086891,49
1621086892,49
1621086893,49
1621086894,49
1621086895,49
1621086896,49
1621086897,49
1621086898,49
1621086899,49
1621086900,48
1621086901,50
1621086902,49
1621086903,49
1621086904,49
1621086905,49
1621086906,49
1621086907,49
1621086908,49
1621086909,49
1621086910,49
1621086911,49
1621086912,49
1621086913,49
1621086914,49
1621086915,49
1621086916,49
1621086917,49
1621086918,49
1621086919,49
1621086920,50
1621086921,48
1621086922,50
1621086923,49
1621086924,49
1621086925,48
1621086926,49
1621086927,50
1621086928,48
1621086929,50
1621086930,49
1621086931,48
1621086932,49
1621086933,49
1621086934,49
1621086935,49
1621086936,49
1621086937,49
1621086938,49
1621086939,49
1621086940,49
1621086941,49
1621086942,49
1621086943,49
1621086944,49
1621086945,49
1621086946,49
1621086947,50
1621086948,49
1621086949,49
1621086950,48
1621086951,49
1621086952,49
1621086953,49
1621086954,49
1621086955,50
1621086956,49
1621086957,49
1621086958,48
1621086959,49
1621086960,49
1621086961,50
1621086962,49
1621086963,49
1621086964,49
1621086965,49
1621086966,49
1621086967,49
1621086968,49
1621086969,49
1621086970,49
1621086971,49
1621086972,49
1621086973,50
1621086974,49
1621086975,49
1621086976,49
1621086977,49
1621086978,49
1621086979,49
1621086980,49
1621086981,49
1621086982,49
1621086983,49
1621086984,49
1621086985,49
1621086986,49
1621086987,49
1621086988,49
1621086989,49
1621086990,49
1621086991,49
1621086992,49
1621086993,49
1621086994,49
1621086995,49
1621086996,49
1621086997,50
1621086649,13
1621086650,47
1621086651,49
1621086652,49
1621086653,50
1621086654,47
1621086655,47
1621086656,45
1621086657,49
1621086658,48
1621086659,49
1621086660,49
1621086661,49
1621086662,49
1621086663,49
1621086664,49
1621086665,49
1621086666,48
1621086667,49
1621086668,49
1621086669,50
1621086670,49
1621086671,49
1621086672,49
1621086673,49
1621086674,49
1621086675,49
1621086676,49
1621086677,49
1621086678,49
1621086679,49
1621086680,49
1621086681,49
1621086682,49
1621086683,49
1621086684,49
1621086685,49
1621086686,49
1621086687,49
1621086688,49
1621086689,49
1621086690,49
1621086691,49
1621086692,49
1621086693,49
1621086694,49
1621086695,49
1621086696,49
1621086697,49
1621086698,50
1621086699,49
1621086700,48
1621086701,49
1621086702,49
1621086703,49
1621086704,49
1621086705,49
1621086706,49
1621086707,49
1621086708,49
1621086709,49
1621086710,49
1621086711,49
1621086712,49
1621086713,49
1621086714,49
1621086715,49
1621086716,49
1621086717,48
1621086718,49
1621086719,49
1621086720,49
1621086721,50
1621086722,49
1621086723,49
1621086724,49
1621086725,48
1621086726,49
1621086727,49
1621086728,49
1621086729,49
1621086730,49
1621086731,49
1621086732,49
1621086733,49
1621086734,48
1621086735,50
1621086736,49
1621086737,49
1621086738,49
1621086833,12
1621086834,48
1621086835,49
1621086836,48
1621086837,49
1621086838,49
1621086839,49
1621086840,49
1621086841,48
1621086842,49
1621086843,49
1621086844,49
1621086845,49
1621086846,49
1621086847,49
1621086848,49
1621086849,49
1621086850,49
1621086851,49
1621086852,49
1621086853,49
1621086854,49
1621086855,49
1621086856,48
1621086857,50
1621086858,49
1621086859,48
1621086860,49
1621086861,50
1621086862,49
1621086863,48
1621086864,50
1621086865,48
1621086866,49
1621086867,49
1621086868,49
1621086869,49
1621086870,49
1621086871,49
1621086872,49
1621086873,49
1621086874,49
1621086875,49
1621086876,49
1621086877,49
1621086878,49
1621086879,49
1621086880,49
1621086881,49
1621086882,49
1621086883,49
1621086884,49
1621086885,49
1621086886,49
1621086887,49
1621086888,49
1621086889,49
1621086890,49
1621086891,49
1621086892,49
1621086893,49
1621086894,49
1621086895,49
1621086896,49
1621086897,49
1621086898,49
1621086899,49
1621086900,48
1621086901,50
1621086902,49
1621086903,49
1621086904,49
1621086905,49
1621086906,49
1621086907,49
1621086908,49
1621086909,49
1621086910,49
1621086911,49
1621086912,49
1621086913,49
1621086914,49
1621086915,49
1621086916,49
1621086917,49
1621086918,49
1621086919,49
1621086920,50
1621086921,48
1621086922,50
1621086923,49
1621086924,49
1621086925,48
1621086926,49
1621086927,50
1621086928,48
1621086929,50
1621086930,49
1621086931,48
1621086932,49
1621086933,49
1621086934,49
1621086935,49
1621086936,49
1621086937,49
1621086938,49
1621086939,49
1621086940,49
1621086941,49
1621086942,49
1621086943,49
1621086944,49
1621086945,49
1621086946,49
1621086947,50
1621086948,49
1621086949,49
1621086950,48
1621086951,49
1621086952,49
1621086953,49
1621086954,49
1621086955,50
1621086956,49
1621086957,49
1621086958,48
1621086959,49
1621086960,49
1621086961,50
1621086962,49
1621086963,49
1621086964,49
1621086965,49
1621086966,49
1621086967,49
1621086968,49
1621086969,49
1621086970,49
1621086971,49
1621086972,49
1621086973,50
1621086974,49
1621086975,49
1621086976,49
1621086977,49
1621086978,49
1621086979,49
1621086980,49
1621086981,49
1621086982,49
1621086983,49
1621086984,49
1621086985,49
1621086986,49
1621086987,49
1621086988,49
1621086989,49
1621086990,49
1621086991,49
1621086992,49
1621086993,49
1621086994,49
1621086995,49
1621086996,49
1621086997,50
1621086649,13
1621086650,47
1621086651,49
1621086652,49
1621086653,50
1621086654,47
1621086655,47
1621086656,45
1621086657,49
1621086658,48
1621086659,49
1621086660,49
1621086661,49
1621086662,49
1621086663,49
1621086664,49
1621086665,49
1621086666,48
1621086667,49
1621086668,49
1621086669,50
1621086670,49
1621086671,49
1621086672,49
1621086673,49
1621086674,49
1621086675,49
1621086676,49
1621086677,49
1621086678,49
1621086679,49
1621086680,49
1621086681,49
1621086682,49
1621086683,49
1621086684,49
1621086685,49
1621086686,49
1621086687,49
1621086688,49
1621086689,49
1621086690,49
1621086691,49
1621086692,49
1621086693,49
1621086694,49
1621086695,49
1621086696,49
1621086697,49
1621086698,50
1621086699,49
1621086700,48
1621086701,49
1621086702,49
1621086703,49
1621086704,49
1621086705,49
1621086706,49
1621086707,49
1621086708,49
1621086709,49
1621086710,49
1621086711,49
1621086712,49
1621086713,49
1621086714,49
1621086715,49
1621086716,49
1621086717,48
1621086718,49
1621086719,49
1621086720,49
1621086721,50
1621086722,49
1621086723,49
1621086724,49
1621086725,48
1621086726,49
1621086727,49
1621086728,49
1621086729,49
1621086730,49
1621086731,49
1621086732,49
1621086733,49
1621086734,48
1621086735,50
1621086736,49
1621086737,49
1621086738,49
1621086833,12
1621086834,48
1621086835,49
1621086836,48
1621086837,49
1621086838,49
1621086839,49
1621086840,49
1621086841,48
1621086842,49
1621086843,49
1621086844,49
1621086845,49
1621086846,49
1621086847,49
1621086848,49
1621086849,49
1621086850,49
1621086851,49
1621086852,49
1621086853,49
1621086854,49
1621086855,49
1621086856,48
1621086857,50
1621086858,49
1621086859,48
1621086860,49
1621086861,50
1621086862,49
1621086863,48
1621086864,50
1621086865,48
1621086866,49
1621086867,49
1621086868,49
1621086869,49
1621086870,49
1621086871,49
1621086872,49
1621086873,49
1621086874,49
1621086875,49
1621086876,49
1621086877,49
1621086878,49
1621086879,49
1621086880,49
1621086881,49
1621086882,49
1621086883,49
1621086884,49
1621086885,49
1621086886,49
1621086887,49
1621086888,49
1621086889,49
1621086890,49
1621086891,49
1621086892,49
1621086893,49
1621086894,49
1621086895,49
1621086896,49
1621086897,49
1621086898,49
1621086899,49
1621086900,48
1621086901,50
1621086902,49
1621086903,49
1621086904,49
1621086905,49
1621086906,49
1621086907,49
1621086908,49
1621086909,49
1621086910,49
1621086911,49
1621086912,49
1621086913,49
1621086914,49
1621086915,49
1621086916,49
1621086917,49
1621086918,49
1621086919,49
1621086920,50
1621086921,48
1621086922,50
1621086923,49
1621086924,49
1621086925,48
1621086926,49
1621086927,50
1621086928,48
1621086929,50
1621086930,49
1621086931,48
1621086932,49
1621086933,49
1621086934,49
1621086935,49
1621086936,49
1621086937,49
1621086938,49
1621086939,49
1621086940,49
1621086941,49
1621086942,49
1621086943,49
1621086944,49
1621086945,49
1621086946,49
1621086947,50
1621086948,49
1621086949,49
1621086950,48
1621086951,49
1621086952,49
1621086953,49
1621086954,49
1621086955,50
1621086956,49
1621086957,49
1621086958,48
1621086959,49
1621086960,49
1621086961,50
1621086962,49
1621086963,49
1621086964,49
1621086965,49
1621086966,49
1621086967,49
1621086968,49
1621086969,49
1621086970,49
1621086971,49
1621086972,49
1621086973,50
1621086974,49
1621086975,49
1621086976,49
1621086977,49
1621086978,49
1621086979,49
1621086980,49
1621086981,49
1621086982,49
1621086983,49
1621086984,49
1621086985,49
1621086986,49
1621086987,49
1621086988,49
1621086989,49
1621086990,49
1621086991,49
1621086992,49
1621086993,49
1621086994,49
1621086995,49
1621086996,49
1621086997,50
1621086649,13
1621086650,47
1621086651,49
1621086652,49
1621086653,50
1621086654,47
1621086655,47
1621086656,45
1621086657,49
1621086658,48
1621086659,49
1621086660,49
1621086661,49
1621086662,49
1621086663,49
1621086664,49
1621086665,49
1621086666,48
1621086667,49
1621086668,49
1621086669,50
1621086670,49
1621086671,49
1621086672,49
1621086673,49
1621086674,49
1621086675,49
1621086676,49
1621086677,49
1621086678,49
1621086679,49
1621086680,49
1621086681,49
1621086682,49
1621086683,49
1621086684,49
1621086685,49
1621086686,49
1621086687,49
1621086688,49
1621086689,49
1621086690,49
1621086691,49
1621086692,49
1621086693,49
1621086694,49
1621086695,49
1621086696,49
1621086697,49
1621086698,50
1621086699,49
1621086700,48
1621086701,49
1621086702,49
1621086703,49
1621086704,49
1621086705,49
1621086706,49
1621086707,49
1621086708,49
1621086709,49
1621086710,49
1621086711,49
1621086712,49
1621086713,49
1621086714,49
1621086715,49
1621086716,49
1621086717,48
1621086718,49
1621086719,49
1621086720,49
1621086721,50
1621086722,49
1621086723,49
1621086724,49
1621086725,48
1621086726,49
1621086727,49
1621086728,49
1621086729,49
1621086730,49
1621086731,49
1621086732,49
1621086733,49
1621086734,48
1621086735,50
1621086736,49
1621086737,49
1621086738,49
1621086833,12
1621086834,48
1621086835,49
1621086836,48
1621086837,49
1621086838,49
1621086839,49
1621086840,49
1621086841,48
1621086842,49
1621086843,49
1621086844,49
1621086845,49
1621086846,49
1621086847,49
1621086848,49
1621086849,49
1621086850,49
1621086851,49
1621086852,49
1621086853,49
1621086854,49
1621086855,49
1621086856,48
1621086857,50
1621086858,49
1621086859,48
1621086860,49
1621086861,50
1621086862,49
1621086863,48
1621086864,50
1621086865,48
1621086866,49
1621086867,49
1621086868,49
1621086869,49
1621086870,49
1621086871,49
1621086872,49
1621086873,49
1621086874,49
1621086875,49
1621086876,49
1621086877,49
1621086878,49
1621086879,49
1621086880,49
1621086881,49
1621086882,49
1621086883,49
1621086884,49
1621086885,49
1621086886,49
1621086887,49
1621086888,49
1621086889,49
1621086890,49
1621086891,49
1621086892,49
1621086893,49
1621086894,49
1621086895,49
1621086896,49
1621086897,49
1621086898,49
1621086899,49
1621086900,48
1621086901,50
1621086902,49
1621086903,49
1621086904,49
1621086905,49
1621086906,49
1621086907,49
1621086908,49
1621086909,49
1621086910,49
1621086911,49
1621086912,49
1621086913,49
1621086914,49
1621086915,49
1621086916,49
1621086917,49
1621086918,49
1621086919,49
1621086920,50
1621086921,48
1621086922,50
1621086923,49
1621086924,49
1621086925,48
1621086926,49
1621086927,50
1621086928,48
1621086929,50
1621086930,49
1621086931,48
1621086932,49
1621086933,49
1621086934,49
1621086935,49
1621086936,49
1621086937,49
1621086938,49
1621086939,49
1621086940,49
1621086941,49
1621086942,49
1621086943,49
1621086944,49
1621086945,49
1621086946,49
1621086947,50
1621086948,49
1621086949,49
1621086950,48
1621086951,49
1621086952,49
1621086953,49
1621086954,49
1621086955,50
1621086956,49
1621086957,49
1621086958,48
1621086959,49
1621086960,49
1621086961,50
1621086962,49
1621086963,49
1621086964,49
1621086965,49
1621086966,49
1621086967,49
1621086968,49
1621086969,49
1621086970,49
1621086971,49
1621086972,49
1621086973,50
1621086974,49
1621086975,49
1621086976,49
1621086977,49
1621086978,49
1621086979,49
1621086980,49
1621086981,49
1621086982,49
1621086983,49
1621086984,49
1621086985,49
1621086986,49
1621086987,49
1621086988,49
1621086989,49
1621086990,49
1621086991,49
1621086992,49
1621086993,49
1621086994,49
1621086995,49
1621086996,49
1621086997,50
1621086649,13
1621086650,47
1621086651,49
1621086652,49
1621086653,50
1621086654,47
1621086655,47
1621086656,45
1621086657,49
1621086658,48
1621086659,49
1621086660,49
1621086661,49
1621086662,49
1621086663,49
1621086664,49
1621086665,49
1621086666,48
1621086667,49
1621086668,49
1621086669,50
1621086670,49
1621086671,49
1621086672,49
1621086673,49
1621086674,49
1621086675,49
1621086676,49
1621086677,49
1621086678,49
1621086679,49
1621086680,49
1621086681,49
1621086682,49
1621086683,49
1621086684,49
1621086685,49
1621086686,49
1621086687,49
1621086688,49
1621086689,49
1621086690,49
1621086691,49
1621086692,49
1621086693,49
1621086694,49
1621086695,49
1621086696,49
1621086697,49
1621086698,50
1621086699,49
1621086700,48
1621086701,49
1621086702,49
1621086703,49
1621086704,49
1621086705,49
1621086706,49
1621086707,49
1621086708,49
1621086709,49
1621086710,49
1621086711,49
1621086712,49
1621086713,49
1621086714,49
1621086715,49
1621086716,49
1621086717,48
1621086718,49
1621086719,49
1621086720,49
1621086721,50
1621086722,49
1621086723,49
1621086724,49
1621086725,48
1621086726,49
1621086727,49
1621086728,49
1621086729,49
1621086730,49
1621086731,49
1621086732,49
1621086733,49
1621086734,48
1621086735,50
1621086736,49
1621086737,49
1621086738,49
1621086833,12
1621086834,48
1621086835,49
1621086836,48
1621086837,49
1621086838,49
1621086839,49
1621086840,49
1621086841,48
1621086842,49
1621086843,49
1621086844,49
1621086845,49
1621086846,49
1621086847,49
1621086848,49
1621086849,49
1621086850,49
1621086851,49
1621086852,49
1621086853,49
1621086854,49
1621086855,49
1621086856,48
1621086857,50
1621086858,49
1621086859,48
1621086860,49
1621086861,50
1621086862,49
1621086863,48
1621086864,50
1621086865,48
1621086866,49
1621086867,49
1621086868,49
1621086869,49
1621086870,49
1621086871,49
1621086872,49
1621086873,49
1621086874,49
1621086875,49
1621086876,49
1621086877,49
1621086878,49
1621086879,49
1621086880,49
1621086881,49
1621086882,49
1621086883,49
1621086884,49
1621086885,49
1621086886,49
1621086887,49
1621086888,49
1621086889,49
1621086890,49
1621086891,49
1621086892,49
1621086893,49
1621086894,49
1621086895,49
1621086896,49
1621086897,49
1621086898,49
1621086899,49
1621086900,48
1621086901,50
1621086902,49
1621086903,49
1621086904,49
1621086905,49
1621086906,49
1621086907,49
1621086908,49
1621086909,49
1621086910,49
1621086911,49
1621086912,49
1621086913,49
1621086914,49
1621086915,49
1621086916,49
1621086917,49
1621086918,49
1621086919,49
1621086920,50
1621086921,48
1621086922,50
1621086923,49
1621086924,49
1621086925,48
1621086926,49
1621086927,50
1621086928,48
1621086929,50
1621086930,49
1621086931,48
1621086932,49
1621086933,49
1621086934,49
1621086935,49
1621086936,49
1621086937,49
1621086938,49
1621086939,49
1621086940,49
1621086941,49
1621086942,49
1621086943,49
1621086944,49
1621086945,49
1621086946,49
1621086947,50
1621086948,49
1621086949,49
1621086950,48
1621086951,49
1621086952,49
1621086953,49
1621086954,49
1621086955,50
1621086956,49
1621086957,49
1621086958,48
1621086959,49
1621086960,49
1621086961,50
1621086962,49
1621086963,49
1621086964,49
1621086965,49
1621086966,49
1621086967,49
1621086968,49
1621086969,49
1621086970,49
1621086971,49
1621086972,49
1621086973,50
1621086974,49
1621086975,49
1621086976,49
1621086977,49
1621086978,49
1621086979,49
1621086980,49
1621086981,49
1621086982,49
1621086983,49
1621086984,49
1621086985,49
1621086986,49
1621086987,49
1621086988,49
1621086989,49
1621086990,49
1621086991,49
1621086992,49
1621086993,49
1621086994,49
1621086995,49
1621086996,49
1621086997,50
1621086649,13
1621086650,47
1621086651,49
1621086652,49
1621086653,50
1621086654,47
1621086655,47
1621086656,45
1621086657,49
1621086658,48
1621086659,49
1621086660,49
1621086661,49
1621086662,49
1621086663,49
1621086664,49
1621086665,49
1621086666,48
1621086667,49
1621086668,49
1621086669,50
1621086670,49
1621086671,49
1621086672,49
1621086673,49
1621086674,49
1621086675,49
1621086676,49
1621086677,49
1621086678,49
1621086679,49
1621086680,49
1621086681,49
1621086682,49
1621086683,49
1621086684,49
1621086685,49
1621086686,49
1621086687,49
1621086688,49
1621086689,49
1621086690,49
1621086691,49
1621086692,49
1621086693,49
1621086694,49
1621086695,49
1621086696,49
1621086697,49
1621086698,50
1621086699,49
1621086700,48
1621086701,49
1621086702,49
1621086703,49
1621086704,49
1621086705,49
1621086706,49
1621086707,49
1621086708,49
1621086709,49
1621086710,49
1621086711,49
1621086712,49
1621086713,49
1621086714,49
1621086715,49
1621086716,49
1621086717,48
1621086718,49
1621086719,49
1621086720,49
1621086721,50
1621086722,49
1621086723,49
1621086724,49
1621086725,48
1621086726,49
1621086727,49
1621086728,49
1621086729,49
1621086730,49
1621086731,49
1621086732,49
1621086733,49
1621086734,48
1621086735,50
1621086736,49
1621086737,49
1621086738,49
1621086833,12
1621086834,48
1621086835,49
1621086836,48
1621086837,49
1621086838,49
1621086839,49
1621086840,49
1621086841,48
1621086842,49
1621086843,49
1621086844,49
1621086845,49
1621086846,49
1621086847,49
1621086848,49
1621086849,49
1621086850,49
1621086851,49
1621086852,49
1621086853,49
1621086854,49
1621086855,49
1621086856,48
1621086857,50
1621086858,49
1621086859,48
1621086860,49
1621086861,50
1621086862,49
1621086863,48
1621086864,50
1621086865,48
1621086866,49
1621086867,49
1621086868,49
1621086869,49
1621086870,49
1621086871,49
1621086872,49
1621086873,49
1621086874,49
1621086875,49
1621086876,49
1621086877,49
1621086878,49
1621086879,49
1621086880,49
1621086881,49
1621086882,49
1621086883,49
1621086884,49
1621086885,49
1621086886,49
1621086887,49
1621086888,49
1621086889,49
1621086890,49
1621086891,49
1621086892,49
1621086893,49
1621086894,49
1621086895,49
1621086896,49
1621086897,49
1621086898,49
1621086899,49
1621086900,48
1621086901,50
1621086902,49
1621086903,49
1621086904,49
1621086905,49
1621086906,49
1621086907,49
1621086908,49
1621086909,49
1621086910,49
1621086911,49
1621086912,49
1621086913,49
1621086914,49
1621086915,49
1621086916,49
1621086917,49
1621086918,49
1621086919,49
1621086920,50
1621086921,48
1621086922,50
1621086923,49
1621086924,49
1621086925,48
1621086926,49
1621086927,50
1621086928,48
1621086929,50
1621086930,49
1621086931,48
1621086932,49
1621086933,49
1621086934,49
1621086935,49
1621086936,49
1621086937,49
1621086938,49
1621086939,49
1621086940,49
1621086941,49
1621086942,49
1621086943,49
1621086944,49
1621086945,49
1621086946,49
1621086947,50
1621086948,49
1621086949,49
1621086950,48
1621086951,49
1621086952,49
1621086953,49
1621086954,49
1621086955,50
1621086956,49
1621086957,49
1621086958,48
1621086959,49
1621086960,49
1621086961,50
1621086962,49
1621086963,49
1621086964,49
1621086965,49
1621086966,49
1621086967,49
1621086968,49
1621086969,49
1621086970,49
1621086971,49
1621086972,49
1621086973,50
1621086974,49
1621086975,49
1621086976,49
1621086977,49
1621086978,49
1621086979,49
1621086980,49
1621086981,49
1621086982,49
1621086983,49
1621086984,49
1621086985,49
1621086986,49
1621086987,49
1621086988,49
1621086989,49
1621086990,49
1621086991,49
1621086992,49
1621086993,49
1621086994,49
1621086995,49
1621086996,49
1621086997,50
1621086649,13
1621086650,47
1621086651,49
1621086652,49
1621086653,50
1621086654,47
1621086655,47
1621086656,45
1621086657,49
1621086658,48
1621086659,49
1621086660,49
1621086661,49
1621086662,49
1621086663,49
1621086664,49
1621086665,49
1621086666,48
1621086667,49
1621086668,49
1621086669,50
1621086670,49
1621086671,49
1621086672,49
1621086673,49
1621086674,49
1621086675,49
1621086676,49
1621086677,49
1621086678,49
1621086679,49
1621086680,49
1621086681,49
1621086682,49
1621086683,49
1621086684,49
1621086685,49
1621086686,49
1621086687,49
1621086688,49
1621086689,49
1621086690,49
1621086691,49
1621086692,49
1621086693,49
1621086694,49
1621086695,49
1621086696,49
1621086697,49
1621086698,50
1621086699,49
1621086700,48
1621086701,49
1621086702,49
1621086703,49
1621086704,49
1621086705,49
1621086706,49
1621086707,49
1621086708,49
1621086709,49
1621086710,49
1621086711,49
1621086712,49
1621086713,49
1621086714,49
1621086715,49
1621086716,49
1621086717,48
1621086718,49
1621086719,49
1621086720,49
1621086721,50
1621086722,49
1621086723,49
1621086724,49
1621086725,48
1621086726,49
1621086727,49
1621086728,49
1621086729,49
1621086730,49
1621086731,49
1621086732,49
1621086733,49
1621086734,48
1621086735,50
1621086736,49
1621086737,49
1621086738,49
1621086833,12
1621086834,48
1621086835,49
1621086836,48
1621086837,49
1621086838,49
1621086839,49
1621086840,49
1621086841,48
1621086842,49
1621086843,49
1621086844,49
1621086845,49
1621086846,49
1621086847,49
1621086848,49
1621086849,49
1621086850,49
1621086851,49
1621086852,49
1621086853,49
1621086854,49
1621086855,49
1621086856,48
1621086857,50
1621086858,49
1621086859,48
1621086860,49
1621086861,50
1621086862,49
1621086863,48
1621086864,50
1621086865,48
1621086866,49
1621086867,49
1621086868,49
1621086869,49
1621086870,49
1621086871,49
1621086872,49
1621086873,49
1621086874,49
1621086875,49
1621086876,49
1621086877,49
1621086878,49
1621086879,49
1621086880,49
1621086881,49
1621086882,49
1621086883,49
1621086884,49
1621086885,49
1621086886,49
1621086887,49
1621086888,49
1621086889,49
1621086890,49
1621086891,49
1621086892,49
1621086893,49
1621086894,49
1621086895,49
1621086896,49
1621086897,49
1621086898,49
1621086899,49
1621086900,48
1621086901,50
1621086902,49
1621086903,49
1621086904,49
1621086905,49
1621086906,49
1621086907,49
1621086908,49
1621086909,49
1621086910,49
1621086911,49
1621086912,49
1621086913,49
1621086914,49
1621086915,49
1621086916,49
1621086917,49
1621086918,49
1621086919,49
1621086920,50
1621086921,48
1621086922,50
1621086923,49
1621086924,49
1621086925,48
1621086926,49
1621086927,50
1621086928,48
1621086929,50
1621086930,49
1621086931,48
1621086932,49
1621086933,49
1621086934,49
1621086935,49
1621086936,49
1621086937,49
1621086938,49
1621086939,49
1621086940,49
1621086941,49
1621086942,49
1621086943,49
1621086944,49
1621086945,49
1621086946,49
1621086947,50
1621086948,49
1621086949,49
1621086950,48
1621086951,49
1621086952,49
1621086953,49
1621086954,49
1621086955,50
1621086956,49
1621086957,49
1621086958,48
1621086959,49
1621086960,49
1621086961,50
1621086962,49
1621086963,49
1621086964,49
1621086965,49
1621086966,49
1621086967,49
1621086968,49
1621086969,49
1621086970,49
1621086971,49
1621086972,49
1621086973,50
1621086974,49
1621086975,49
1621086976,49
1621086977,49
1621086978,49
1621086979,49
1621086980,49
1621086981,49
1621086982,49
1621086983,49
1621086984,49
1621086985,49
1621086986,49
1621086987,49
1621086988,49
1621086989,49
1621086990,49
1621086991,49
1621086992,49
1621086993,49
1621086994,49
1621086995,49
1621086996,49
1621086997,50
1621086649,13
1621086650,47
1621086651,49
1621086652,49
1621086653,50
1621086654,47
1621086655,47
1621086656,45
1621086657,49
1621086658,48
1621086659,49
1621086660,49
1621086661,49
1621086662,49
1621086663,49
1621086664,49
1621086665,49
1621086666,48
1621086667,49
1621086668,49
1621086669,50
1621086670,49
1621086671,49
1621086672,49
1621086673,49
1621086674,49
1621086675,49
1621086676,49
1621086677,49
1621086678,49
1621086679,49
1621086680,49
1621086681,49
1621086682,49
1621086683,49
1621086684,49
1621086685,49
1621086686,49
1621086687,49
1621086688,49
1621086689,49
1621086690,49
1621086691,49
1621086692,49
1621086693,49
1621086694,49
1621086695,49
1621086696,49
1621086697,49
1621086698,50
1621086699,49
1621086700,48
1621086701,49
1621086702,49
1621086703,49
1621086704,49
1621086705,49
1621086706,49
1621086707,49
1621086708,49
1621086709,49
1621086710,49
1621086711,49
1621086712,49
1621086713,49
1621086714,49
1621086715,49
1621086716,49
1621086717,48
1621086718,49
1621086719,49
1621086720,49
1621086721,50
1621086722,49
1621086723,49
1621086724,49
1621086725,48
1621086726,49
1621086727,49
1621086728,49
1621086729,49
1621086730,49
1621086731,49
1621086732,49
1621086733,49
1621086734,48
1621086735,50
1621086736,49
1621086737,49
1621086738,49
1621086833,12
1621086834,48
1621086835,49
1621086836,48
1621086837,49
1621086838,49
1621086839,49
1621086840,49
1621086841,48
1621086842,49
1621086843,49
1621086844,49
1621086845,49
1621086846,49
1621086847,49
1621086848,49
1621086849,49
1621086850,49
1621086851,49
1621086852,49
1621086853,49
1621086854,49
1621086855,49
1621086856,48
1621086857,50
1621086858,49
1621086859,48
1621086860,49
1621086861,50
1621086862,49
1621086863,48
1621086864,50
1621086865,48
1621086866,49
1621086867,49
1621086868,49
1621086869,49
1621086870,49
1621086871,49
1621086872,49
1621086873,49
1621086874,49
1621086875,49
1621086876,49
1621086877,49
1621086878,49
1621086879,49
1621086880,49
1621086881,49
1621086882,49
1621086883,49
1621086884,49
1621086885,49
1621086886,49
1621086887,49
1621086888,49
1621086889,49
1621086890,49
1621086891,49
1621086892,49
1621086893,49
1621086894,49
1621086895,49
1621086896,49
1621086897,49
1621086898,49
1621086899,49
1621086900,48
1621086901,50
1621086902,49
1621086903,49
1621086904,49
1621086905,49
1621086906,49
1621086907,49
1621086908,49
1621086909,49
1621086910,49
1621086911,49
1621086912,49
1621086913,49
1621086914,49
1621086915,49
1621086916,49
1621086917,49
1621086918,49
1621086919,49
1621086920,50
1621086921,48
1621086922,50
1621086923,49
1621086924,49
1621086925,48
1621086926,49
1621086927,50
1621086928,48
1621086929,50
1621086930,49
1621086931,48
1621086932,49
1621086933,49
1621086934,49
1621086935,49
1621086936,49
1621086937,49
1621086938,49
1621086939,49
1621086940,49
1621086941,49
1621086942,49
1621086943,49
1621086944,49
1621086945,49
1621086946,49
1621086947,50
1621086948,49
1621086949,49
1621086950,48
1621086951,49
1621086952,49
1621086953,49
1621086954,49
1621086955,50
1621086956,49
1621086957,49
1621086958,48
1621086959,49
1621086960,49
1621086961,50
1621086962,49
1621086963,49
1621086964,49
1621086965,49
1621086966,49
1621086967,49
1621086968,49
1621086969,49
1621086970,49
1621086971,49
1621086972,49
1621086973,50
1621086974,49
1621086975,49
1621086976,49
1621086977,49
1621086978,49
1621086979,49
1621086980,49
1621086981,49
1621086982,49
1621086983,49
1621086984,49
1621086985,49
1621086986,49
1621086987,49
1621086988,49
1621086989,49
1621086990,49
1621086991,49
1621086992,49
1621086993,49
1621086994,49
1621086995,49
1621086996,49
1621086997,50
1621086649,13
1621086650,47
1621086651,49
1621086652,49
1621086653,50
1621086654,47
1621086655,47
1621086656,45
1621086657,49
1621086658,48
1621086659,49
1621086660,49
1621086661,49
1621086662,49
1621086663,49
1621086664,49
1621086665,49
1621086666,48
1621086667,49
1621086668,49
1621086669,50
1621086670,49
1621086671,49
1621086672,49
1621086673,49
1621086674,49
1621086675,49
1621086676,49
1621086677,49
1621086678,49
1621086679,49
1621086680,49
1621086681,49
1621086682,49
1621086683,49
1621086684,49
1621086685,49
1621086686,49
1621086687,49
1621086688,49
1621086689,49
1621086690,49
1621086691,49
1621086692,49
1621086693,49
1621086694,49
1621086695,49
1621086696,49
1621086697,49
1621086698,50
1621086699,49
1621086700,48
1621086701,49
1621086702,49
1621086703,49
1621086704,49
1621086705,49
1621086706,49
1621086707,49
1621086708,49
1621086709,49
1621086710,49
1621086711,49
1621086712,49
1621086713,49
1621086714,49
1621086715,49
1621086716,49
1621086717,48
1621086718,49
1621086719,49
1621086720,49
1621086721,50
1621086722,49
1621086723,49
1621086724,49
1621086725,48
1621086726,49
1621086727,49
1621086728,49
1621086729,49
1621086730,49
1621086731,49
1621086732,49
1621086733,49
1621086734,48
1621086735,50
1621086736,49
1621086737,49
1621086738,49
1621086833,12
1621086834,48
1621086835,49
1621086836,48
1621086837,49
1621086838,49
1621086839,49
1621086840,49
1621086841,48
1621086842,49
1621086843,49
1621086844,49
1621086845,49
1621086846,49
1621086847,49
1621086848,49
1621086849,49
1621086850,49
1621086851,49
1621086852,49
1621086853,49
1621086854,49
1621086855,49
1621086856,48
1621086857,50
1621086858,49
1621086859,48
1621086860,49
1621086861,50
1621086862,49
1621086863,48
1621086864,50
1621086865,48
1621086866,49
1621086867,49
1621086868,49
1621086869,49
1621086870,49
1621086871,49
1621086872,49
1621086873,49
1621086874,49
1621086875,49
1621086876,49
1621086877,49
1621086878,49
1621086879,49
1621086880,49
1621086881,49
1621086882,49
1621086883,49
1621086884,49
1621086885,49
1621086886,49
1621086887,49
1621086888,49
1621086889,49
1621086890,49
1621086891,49
1621086892,49
1621086893,49
1621086894,49
1621086895,49
1621086896,49
1621086897,49
1621086898,49
1621086899,49
1621086900,48
1621086901,50
1621086902,49
1621086903,49
1621086904,49
1621086905,49
1621086906,49
1621086907,49
1621086908,49
1621086909,49
1621086910,49
1621086911,49
1621086912,49
1621086913,49
1621086914,49
1621086915,49
1621086916,49
1621086917,49
1621086918,49
1621086919,49
1621086920,50
1621086921,48
1621086922,50
1621086923,49
1621086924,49
1621086925,48
1621086926,49
1621086927,50
1621086928,48
1621086929,50
1621086930,49
1621086931,48
1621086932,49
1621086933,49
1621086934,49
1621086935,49
1621086936,49
1621086937,49
1621086938,49
1621086939,49
1621086940,49
1621086941,49
1621086942,49
1621086943,49
1621086944,49
1621086945,49
1621086946,49
1621086947,50
1621086948,49
1621086949,49
1621086950,48
1621086951,49
1621086952,49
1621086953,49
1621086954,49
1621086955,50
1621086956,49
1621086957,49
1621086958,48
1621086959,49
1621086960,49
1621086961,50
1621086962,49
1621086963,49
1621086964,49
1621086965,49
1621086966,49
1621086967,49
1621086968,49
1621086969,49
1621086970,49
1621086971,49
1621086972,49
1621086973,50
1621086974,49
1621086975,49
1621086976,49
1621086977,49
1621086978,49
1621086979,49
1621086980,49
1621086981,49
1621086982,49
1621086983,49
1621086984,49
1621086985,49
1621086986,49
1621086987,49
1621086988,49
1621086989,49
1621086990,49
1621086991,49
1621086992,49
1621086993,49
1621086994,49
1621086995,49
1621086996,49
1621086997,50
1621086649,13
1621086650,47
1621086651,49
1621086652,49
1621086653,50
1621086654,47
1621086655,47
1621086656,45
1621086657,49
1621086658,48
1621086659,49
1621086660,49
1621086661,49
1621086662,49
1621086663,49
1621086664,49
1621086665,49
1621086666,48
1621086667,49
1621086668,49
1621086669,50
1621086670,49
1621086671,49
1621086672,49
1621086673,49
1621086674,49
1621086675,49
1621086676,49
1621086677,49
1621086678,49
1621086679,49
1621086680,49
1621086681,49
1621086682,49
1621086683,49
1621086684,49
1621086685,49
1621086686,49
1621086687,49
1621086688,49
1621086689,49
1621086690,49
1621086691,49
1621086692,49
1621086693,49
1621086694,49
1621086695,49
1621086696,49
1621086697,49
1621086698,50
1621086699,49
1621086700,48
1621086701,49
1621086702,49
1621086703,49
1621086704,49
1621086705,49
1621086706,49
1621086707,49
1621086708,49
1621086709,49
1621086710,49
1621086711,49
1621086712,49
1621086713,49
1621086714,49
1621086715,49
1621086716,49
1621086717,48
1621086718,49
1621086719,49
1621086720,49
1621086721,50
1621086722,49
1621086723,49
1621086724,49
1621086725,48
1621086726,49
1621086727,49
1621086728,49
1621086729,49
1621086730,49
1621086731,49
1621086732,49
1621086733,49
1621086734,48
1621086735,50
1621086736,49
1621086737,49
1621086738,49
1621086833,12
1621086834,48
1621086835,49
1621086836,48
1621086837,49
1621086838,49
1621086839,49
1621086840,49
1621086841,48
1621086842,49
1621086843,49
1621086844,49
1621086845,49
1621086846,49
1621086847,49
1621086848,49
1621086849,49
1621086850,49
1621086851,49
1621086852,49
1621086853,49
1621086854,49
1621086855,49
1621086856,48
1621086857,50
1621086858,49
1621086859,48
1621086860,49
1621086861,50
1621086862,49
1621086863,48
1621086864,50
1621086865,48
1621086866,49
1621086867,49
1621086868,49
1621086869,49
1621086870,49
1621086871,49
1621086872,49
1621086873,49
1621086874,49
1621086875,49
1621086876,49
1621086877,49
1621086878,49
1621086879,49
1621086880,49
1621086881,49
1621086882,49
1621086883,49
1621086884,49
1621086885,49
1621086886,49
1621086887,49
1621086888,49
1621086889,49
1621086890,49
1621086891,49
1621086892,49
1621086893,49
1621086894,49
1621086895,49
1621086896,49
1621086897,49
1621086898,49
1621086899,49
1621086900,48
1621086901,50
1621086902,49
1621086903,49
1621086904,49
1621086905,49
1621086906,49
1621086907,49
1621086908,49
1621086909,49
1621086910,49
1621086911,49
1621086912,49
1621086913,49
1621086914,49
1621086915,49
1621086916,49
1621086917,49
1621086918,49
1621086919,49
1621086920,50
1621086921,48
1621086922,50
1621086923,49
1621086924,49
1621086925,48
1621086926,49
1621086927,50
1621086928,48
1621086929,50
1621086930,49
1621086931,48
1621086932,49
1621086933,49
1621086934,49
1621086935,49
1621086936,49
1621086937,49
1621086938,49
1621086939,49
1621086940,49
1621086941,49
1621086942,49
1621086943,49
1621086944,49
1621086945,49
1621086946,49
1621086947,50
1621086948,49
1621086949,49
1621086950,48
1621086951,49
1621086952,49
1621086953,49
1621086954,49
1621086955,50
1621086956,49
1621086957,49
1621086958,48
1621086959,49
1621086960,49
1621086961,50
1621086962,49
1621086963,49
1621086964,49
1621086965,49
1621086966,49
1621086967,49
1621086968,49
1621086969,49
1621086970,49
1621086971,49
1621086972,49
1621086973,50
1621086974,49
1621086975,49
1621086976,49
1621086977,49
1621086978,49
1621086979,49
1621086980,49
1621086981,49
1621086982,49
1621086983,49
1621086984,49
1621086985,49
1621086986,49
1621086987,49
1621086988,49
1621086989,49
1621086990,49
1621086991,49
1621086992,49
1621086993,49
1621086994,49
1621086995,49
1621086996,49
1621086997,50
1621086649,13
1621086650,47
1621086651,49
1621086652,49
1621086653,50
1621086654,47
1621086655,47
1621086656,45
1621086657,49
1621086658,48
1621086659,49
1621086660,49
1621086661,49
1621086662,49
1621086663,49
1621086664,49
1621086665,49
1621086666,48
1621086667,49
1621086668,49
1621086669,50
1621086670,49
1621086671,49
1621086672,49
1621086673,49
1621086674,49
1621086675,49
1621086676,49
1621086677,49
1621086678,49
1621086679,49
1621086680,49
1621086681,49
1621086682,49
1621086683,49
1621086684,49
1621086685,49
1621086686,49
1621086687,49
1621086688,49
1621086689,49
1621086690,49
1621086691,49
1621086692,49
1621086693,49
1621086694,49
1621086695,49
1621086696,49
1621086697,49
1621086698,50
1621086699,49
1621086700,48
1621086701,49
1621086702,49
1621086703,49
1621086704,49
1621086705,49
1621086706,49
1621086707,49
1621086708,49
1621086709,49
1621086710,49
1621086711,49
1621086712,49
1621086713,49
1621086714,49
1621086715,49
1621086716,49
1621086717,48
1621086718,49
1621086719,49
1621086720,49
1621086721,50
1621086722,49
1621086723,49
1621086724,49
1621086725,48
1621086726,49
1621086727,49
1621086728,49
1621086729,49
1621086730,49
1621086731,49
1621086732,49
1621086733,49
1621086734,48
1621086735,50
1621086736,49
1621086737,49
1621086738,49
1621086833,12
1621086834,48
1621086835,49
1621086836,48
1621086837,49
1621086838,49
1621086839,49
1621086840,49
1621086841,48
1621086842,49
1621086843,49
1621086844,49
1621086845,49
1621086846,49
1621086847,49
1621086848,49
1621086849,49
1621086850,49
1621086851,49
1621086852,49
1621086853,49
1621086854,49
1621086855,49
1621086856,48
1621086857,50
1621086858,49
1621086859,48
1621086860,49
1621086861,50
1621086862,49
1621086863,48
1621086864,50
1621086865,48
1621086866,49
1621086867,49
1621086868,49
1621086869,49
1621086870,49
1621086871,49
1621086872,49
1621086873,49
1621086874,49
1621086875,49
1621086876,49
1621086877,49
1621086878,49
1621086879,49
1621086880,49
1621086881,49
1621086882,49
1621086883,49
1621086884,49
1621086885,49
1621086886,49
1621086887,49
1621086888,49
1621086889,49
1621086890,49
1621086891,49
1621086892,49
1621086893,49
1621086894,49
1621086895,49
1621086896,49
1621086897,49
1621086898,49
1621086899,49
1621086900,48
1621086901,50
1621086902,49
1621086903,49
1621086904,49
1621086905,49
1621086906,49
1621086907,49
1621086908,49
1621086909,49
1621086910,49
1621086911,49
1621086912,49
1621086913,49
1621086914,49
1621086915,49
1621086916,49
1621086917,49
1621086918,49
1621086919,49
1621086920,50
1621086921,48
1621086922,50
1621086923,49
1621086924,49
1621086925,48
1621086926,49
1621086927,50
1621086928,48
1621086929,50
1621086930,49
1621086931,48
1621086932,49
1621086933,49
1621086934,49
1621086935,49
1621086936,49
1621086937,49
1621086938,49
1621086939,49
1621086940,49
1621086941,49
1621086942,49
1621086943,49
1621086944,49
1621086945,49
1621086946,49
1621086947,50
1621086948,49
1621086949,49
1621086950,48
1621086951,49
1621086952,49
1621086953,49
1621086954,49
1621086955,50
1621086956,49
1621086957,49
1621086958,48
1621086959,49
1621086960,49
1621086961,50
1621086962,49
1621086963,49
1621086964,49
1621086965,49
1621086966,49
1621086967,49
1621086968,49
1621086969,49
1621086970,49
1621086971,49
1621086972,49
1621086973,50
1621086974,49
1621086975,49
1621086976,49
1621086977,49
1621086978,49
1621086979,49
1621086980,49
1621086981,49
1621086982,49
1621086983,49
1621086984,49
1621086985,49
1621086986,49
1621086987,49
1621086988,49
1621086989,49
1621086990,49
1621086991,49
1621086992,49
1621086993,49
1621086994,49
1621086995,49
1621086996,49
1621086997,50
1621086649,13
1621086650,47
1621086651,49
1621086652,49
1621086653,50
1621086654,47
1621086655,47
1621086656,45
1621086657,49
1621086658,48
1621086659,49
1621086660,49
1621086661,49
1621086662,49
1621086663,49
1621086664,49
1621086665,49
1621086666,48
1621086667,49
1621086668,49
1621086669,50
1621086670,49
1621086671,49
1621086672,49
1621086673,49
1621086674,49
1621086675,49
1621086676,49
1621086677,49
1621086678,49
1621086679,49
1621086680,49
1621086681,49
1621086682,49
1621086683,49
1621086684,49
1621086685,49
1621086686,49
1621086687,49
1621086688,49
1621086689,49
1621086690,49
1621086691,49
1621086692,49
1621086693,49
1621086694,49
1621086695,49
1621086696,49
1621086697,49
1621086698,50
1621086699,49
1621086700,48
1621086701,49
1621086702,49
1621086703,49
1621086704,49
1621086705,49
1621086706,49
1621086707,49
1621086708,49
1621086709,49
1621086710,49
1621086711,49
1621086712,49
1621086713,49
1621086714,49
1621086715,49
1621086716,49
1621086717,48
1621086718,49
1621086719,49
1621086720,49
1621086721,50
1621086722,49
1621086723,49
1621086724,49
1621086725,48
1621086726,49
1621086727,49
1621086728,49
1621086729,49
1621086730,49
1621086731,49
1621086732,49
1621086733,49
1621086734,48
1621086735,50
1621086736,49
1621086737,49
1621086738,49
1621086833,12
1621086834,48
1621086835,49
1621086836,48
1621086837,49
1621086838,49
1621086839,49
1621086840,49
1621086841,48
1621086842,49
1621086843,49
1621086844,49
1621086845,49
1621086846,49
1621086847,49
1621086848,49
1621086849,49
1621086850,49
1621086851,49
1621086852,49
1621086853,49
1621086854,49
1621086855,49
1621086856,48
1621086857,50
1621086858,49
1621086859,48
1621086860,49
1621086861,50
1621086862,49
1621086863,48
1621086864,50
1621086865,48
1621086866,49
1621086867,49
1621086868,49
1621086869,49
1621086870,49
1621086871,49
1621086872,49
1621086873,49
1621086874,49
1621086875,49
1621086876,49
1621086877,49
1621086878,49
1621086879,49
1621086880,49
1621086881,49
1621086882,49
1621086883,49
1621086884,49
1621086885,49
1621086886,49
1621086887,49
1621086888,49
1621086889,49
1621086890,49
1621086891,49
1621086892,49
1621086893,49
1621086894,49
1621086895,49
1621086896,49
1621086897,49
1621086898,49
1621086899,49
1621086900,48
1621086901,50
1621086902,49
1621086903,49
1621086904,49
1621086905,49
1621086906,49
1621086907,49
1621086908,49
1621086909,49
1621086910,49
1621086911,49
1621086912,49
1621086913,49
1621086914,49
1621086915,49
1621086916,49
1621086917,49
1621086918,49
1621086919,49
1621086920,50
1621086921,48
1621086922,50
1621086923,49
1621086924,49
1621086925,48
1621086926,49
1621086927,50
1621086928,48
1621086929,50
1621086930,49
1621086931,48
1621086932,49
1621086933,49
1621086934,49
1621086935,49
1621086936,49
1621086937,49
1621086938,49
1621086939,49
1621086940,49
1621086941,49
1621086942,49
1621086943,49
1621086944,49
1621086945,49
1621086946,49
1621086947,50
1621086948,49
1621086949,49
1621086950,48
1621086951,49
1621086952,49
1621086953,49
1621086954,49
1621086955,50
1621086956,49
1621086957,49
1621086958,48
1621086959,49
1621086960,49
1621086961,50
1621086962,49
1621086963,49
1621086964,49
1621086965,49
1621086966,49
1621086967,49
1621086968,49
1621086969,49
1621086970,49
1621086971,49
1621086972,49
1621086973,50
1621086974,49
1621086975,49
1621086976,49
1621086977,49
1621086978,49
1621086979,49
1621086980,49
1621086981,49
1621086982,49
1621086983,49
1621086984,49
1621086985,49
1621086986,49
1621086987,49
1621086988,49
1621086989,49
1621086990,49
1621086991,49
1621086992,49
1621086993,49
1621086994,49
1621086995,49
1621086996,49
1621086997,50
1621087456,14
1621087457,49
1621087458,48
1621087459,40
1621087460,45
1621087461,49
1621087462,48
1621087463,49
1621087464,46
1621087465,49
1621087466,48
1621087467,49
1621087468,49
1621087469,47
1621087470,50
1621087471,47
1621087472,49
1621087473,48
1621087474,49
1621087475,49
1621087476,46
1621087477,49
1621087478,49
1621087479,49
1621087480,49
1621087481,49
1621087482,49
1621087483,48
1621087484,49
1621087485,49
1621087486,49
1621087487,48
1621087488,49
1621087489,49
1621087490,49
1621087491,49
1621087492,49
1621087493,49
1621087494,49
1621087495,49
1621087496,49
1621087497,49
1621087498,48
1621087499,49
1621087500,49
1621087501,49
1621087502,49
1621087503,49
1621087504,49
1621087505,48
1621087506,49
1621087507,49
1621087508,49
1621087509,49
1621087510,49
1621087511,49
1621087512,50
1621087513,48
1621087514,50
1621087515,49
1621087516,49
1621087517,49
1621087518,47
1621087519,49
1621087520,49
1621087521,50
1621087522,48
1621087523,50
1621087524,48
1621087525,49
1621087526,49
1621087527,49
1621087528,49
1621087529,48
1621087530,49
1621087531,49
1621087532,49
1621087533,49
1621087534,49
1621087535,49
1621087536,50
1621087537,49
1621087538,49
1621087539,49
1621087540,49
1621087541,49
1621087542,49
1621087543,49
1621087544,49
1621087545,49
1621087546,50
1621087547,48
1621087548,49
1621087549,49
1621087550,47
1621087551,49
1621087552,49
1621087553,49
1621087554,49
1621087555,49
1621087556,49
1621087557,49
1621087558,49
1621087559,49
1621087560,49
1621087561,50
1621087562,49
1621087563,48
1621087564,49
1621087565,49
1621087566,50
1621087567,48
1621087568,48
1621087569,49
1621087570,49
1621087571,48
1621087572,50
1621087573,48
1621087574,49
1621087575,49
1621087576,49
1621087577,49
1621087578,49
1621087579,50
1621087580,48
1621087581,50
1621087582,49
1621087583,49
1621087584,49
1621087585,49
1621087586,49
1621087587,50
1621087588,48
1621087589,48
1621087590,49
1621087591,49
1621087592,50
1621087593,49
1621087594,49
1621087595,49
1621087596,49
1621087597,49
1621087598,49
1621087599,49
1621087600,49
1621087601,49
1621087602,49
1621087603,49
1621087807,10
1621087808,46
1621087809,48
1621087810,49
1621087811,42
1621087812,36
1621087813,48
1621087814,49
1621087815,49
1621087816,46
1621087817,48
1621087818,48
1621087819,49
1621087820,48
1621087821,49
1621087822,49
1621087823,47
1621087824,49
1621087825,49
1621087826,47
1621087827,49
1621087828,48
1621087829,48
1621087830,49
1621087831,49
1621087832,47
1621087833,50
1621087834,48
1621087835,50
1621087836,48
1621087837,50
1621087838,48
1621087839,48
1621087840,50
1621087841,48
1621087842,49
1621087843,49
1621087844,49
1621087845,49
1621087846,49
1621087847,50
1621087848,49
1621087849,49
1621087850,49
1621087851,48
1621087852,49
1621087853,49
1621087854,49
1621087855,49
1621087856,49
1621087857,49
1621087858,48
1621087859,49
1621087860,49
1621087861,49
1621087862,48
1621087863,50
1621087864,49
1621087865,49
1621087866,49
1621087867,48
1621087868,50
1621087869,49
1621087870,49
1621087871,49
1621087872,47
1621087873,49
1621087874,49
1621087875,49
1621087876,49
1621087877,49
1621087878,49
1621087879,50
1621087880,49
1621087881,48
1621087882,49
1621087883,50
1621087884,48
1621087885,49
1621087886,49
1621087887,49
1621087888,49
1621087889,49
1621087890,49
1621087891,49
1621087892,49
1621087893,49
1621087894,49
1621087895,49
1621087896,49
1621087897,49
1621087898,49
1621087899,49
1621087900,49
1621087901,49
1621087902,49
1621087903,49
1621087904,49
1621087905,49
1621087906,49
1621087907,48
1621087908,49
1621087909,49
1621087910,49
1621087911,49
1621087912,49
1621087913,49
1621087914,49
1621087915,49
1621087916,49
1621087917,49
1621087918,49
1621087919,48
1621087920,49
1621087921,49
1621087922,49
1621087923,48
1621087924,49
1621087925,49
1621087926,49
1621087927,49
1621087928,49
1621087929,50
1621087930,49
1621087931,49
1621087932,49
1621087933,49
1621087934,49
1621087935,49
1621087936,49
1621087937,49
1621087938,48
1621087939,49
1621087940,49
1621087941,49
1621087942,50
1621087943,49
1621087944,49
1621087945,49
1621087946,49
1621087947,49
1621087948,49
1621088677,13
1621088678,48
1621088679,49
1621088701,12
1621088702,48
1621088703,48
1621088704,49
1621088705,49
1621088706,48
1621088707,49
1621088708,49
1621088709,49
1621088710,49
1621088711,49
1621088712,48
1621088713,49
1621088714,49
1621088715,49
1621088716,40
1621088717,42
1621088718,49
1621088719,49
1621088720,48
1621088721,50
1621088722,48
1621088723,48
1621088724,49
1621088725,49
1621088726,49
1621088727,49
1621088728,49
1621088729,48
1621088730,50
1621088731,48
1621088732,49
1621088733,49
1621088734,49
1621088735,50
1621088736,49
1621088737,48
1621088738,49
1621088739,50
1621088740,49
1621088741,48
1621088742,50
1621088743,48
1621088744,50
1621088745,49
1621088746,48
1621088747,50
1621088748,49
1621088749,49
1621088750,49
1621088751,49
1621088752,49
1621088753,49
1621088754,49
1621088755,49
1621088756,49
1621088757,49
1621088758,49
1621088759,49
1621088760,49
1621088761,49
1621088762,49
1621088763,49
1621088764,49
1621088765,49
1621088766,49
1621088767,49
1621088768,49
1621088769,49
1621088770,48
1621088771,49
1621088772,49
1621088773,49
1621088774,49
1621088775,49
1621088776,49
1621088777,49
1621088778,49
1621088779,49
1621088780,49
1621088781,49
1621088782,50
1621088783,49
1621088784,49
1621088785,49
1621088786,49
1621088787,49
1621088788,49
1621088789,49
1621088790,49
1621088791,49
1621088792,49
1621088793,49
1621088794,49
1621088795,49
1621088796,49
1621088797,49
1621088798,49
1621088799,49
1621088800,49
1621088801,49
1621088802,50
1621088803,45
1621088804,42
1621088805,49
1621088806,48
1621088807,41
1621088808,49
1621088809,49
1621088810,49
1621088811,49
1621088812,49
1621507441,17
1621507442,46
1621507443,47
1621507444,48
1621507445,48
1621507446,48
1621507447,48
1621507448,48
1621507449,48
1621507450,49
1621507451,47
1621507452,46
1621507453,48
1621507454,48
1621507455,48
1621507456,48
1621507457,48
1621507458,49
1621507459,44
1621507460,48
1621507461,48
1621507462,49
1621507463,47
1621507464,48
1621507465,48
1621507466,48
1621507467,48
1621507468,48
1621507469,48
1621507470,48
1621507471,49
1621507472,48
1621507473,48
1621507474,49
1621507475,48
1621507476,48
1621507477,49
1621507478,47
1621507479,45
1621507480,49
1621507481,47
1621507482,48
1621507483,45
1621507484,48
1621507485,49
1621507486,48
1621507487,47
1621507488,49
1621507489,44
1621507490,49
1621507491,47
1621507492,49
1621507493,48
1621507494,48
1621507495,48
1621507496,48
1621507497,48
1621507498,49
1621507499,49
1621507500,48
1621507501,48
1621507502,49
1621507503,48
1621507504,48
1621507505,49
1621507506,41
1621507507,49
1621507508,45
1621507509,42
1621507510,49
1621507511,45
1621507512,49
1621507513,49
1621507514,48
1621507515,42
1621507516,43
1621507517,47
1621507518,48
1621507519,47
1621507520,40
1621507521,48
1621507522,48
1621507523,48
1621507524,49
1621507525,48
1621507526,48
1621507527,49
1621507528,48
1621507529,49
1621507530,48
1621507531,47
1621507532,48
1621507533,47
1621507534,46
1621507535,48
1621507536,47
1621507537,48
1621507538,47
1621507539,48
1621507540,49
1621507541,48
1621507542,49
1621507543,47
1621507544,48
1621507545,48
1621507546,49
1621507547,48
1621507548,48
1621507549,48
1621507550,49
1621507551,48
1621507552,48
1621507553,49
1621507554,48
1621507555,49
1621507556,48
1621507557,48
1621507558,48
1621507559,48
1621507560,48
1621507561,49
1621507562,48
1621507563,48
1621507564,48
1621507565,48
1621507566,48
1621507567,47
1621507568,48
1621507569,48
1621507570,48
1621507571,43
1621507572,48
1621507573,48
1621507574,48
1621507575,48
1621507576,47
1621507577,48
1621507578,48
1621507579,49
1621507580,47
1621507581,48
1621507582,49
1621507583,48
1621507584,48
1621507585,49
1621507586,48
1621507587,48
1621507588,48
1621507589,47
1621507590,49
1621507591,48
1621507592,47
1621507593,48
1621507678,17
1621507679,47
1621507680,47
1621507681,46
1621507682,46
1621507683,48
1621507684,47
1621507685,47
1621507686,48
1621507687,48
1621507688,48
1621507689,48
1621507690,48
1621507691,48
1621507692,48
1621507693,47
1621507694,48
1621507695,47
1621507696,47
1621507697,48
1621507698,48
1621507699,48
1621507700,48
1621507701,48
1621507702,48
1621507703,49
1621507704,48
1621507705,48
1621507706,48
1621507707,48
1621507708,48
1621507709,48
1621507710,48
1621507711,48
1621507712,49
1621507713,48
1621507714,48
1621507715,48
1621507716,48
1621507717,48
1621507718,48
1621507719,48
1621507720,47
1621507721,49
1621507722,47
1621507723,48
1621507724,48
1621507725,48
1621507726,48
1621507727,49
1621507728,48
1621507729,48
1621507730,48
1621507731,48
1621507732,48
1621507733,48
1621507734,48
1621507735,48
1621507736,49
1621507737,49
1621507738,48
1621507739,48
1621507740,48
1621507741,48
1621507742,48
1621507743,49
1621507744,47
1621507745,48
1621507746,48
1621507747,48
1621507748,48
1621507749,48
1621507750,48
1621507751,48
1621507752,48
1621507753,48
1621507754,48
1621507755,48
1621507756,47
1621507757,49
1621507758,48
1621507759,48
1621507760,49
1621507761,49
1621507762,47
1621507763,49
1621507764,48
1621507765,47
1621507895,17
1621507896,46
1621507897,48
1621507898,47
1621507899,47
1621507900,48
1621507901,47
1621507902,45
1621507903,48
1621507904,47
1621507905,49
1621507906,48
1621507907,48
1621507908,48
1621507909,49
1621507910,48
1621507911,49
1621507912,49
1621507913,48
1621507914,48
1621507915,49
1621507916,48
1621507917,48
1621507918,48
1621507919,49
1621507920,48
1621507921,49
1621507922,49
1621507923,48
1621507924,48
1621507925,48
1621507926,49
1621507927,49
1621507928,48
1621507929,49
1621507930,48
1621507931,49
1621507932,49
1621507933,48
1621507934,49
1621507935,49
1621507936,48
1621507937,48
1621507938,49
1621507939,47
1621507940,49
1621507941,49
1621507942,48
1621507943,48
1621507944,48
1621507945,49
1621507946,47
1621507947,49
1621507948,49
1621507949,48
1621507950,48
1621507951,48
1621507952,49
1621507953,48
1621507954,49
1621507955,46
1621507956,48
1621507957,48
1621507958,49
1621507959,48
1621507960,47
1621507961,49
1621507962,47
1621507963,46
1621507964,48
1621507965,48
1621507966,49
1621507967,48
1621507968,47
1621507969,49
1621507970,47
1621507971,47
1621507972,47
1621507973,48
1621507974,47
1621507975,47
1621507976,47
1621507977,49
1621507978,49
1621507979,49
1621507980,48
1621507981,49
1621507982,49
1621507983,48
1621507984,48
1621507985,49
1621507986,49
1621507987,48
1621507988,48
1621507989,48
1621507990,49
1621507991,48
1621507992,48
1621507993,50
1621507994,48
1621507995,47
1621507996,49
1621507997,49
1621507998,49
1621507999,48
1621508000,48
1621508001,49
1621508002,49
1621508003,47
1621508004,49
1621508005,48
1621508006,49
1621508007,48
1621508008,49
1621508009,49
1621508010,49
1621508011,48
1621508012,49
1621508013,48
1621508014,49
1621508015,48
1621508016,50
1621508017,48
1621508018,48
1621508019,49
1621508020,49
1621508021,49
1621508022,49
1621508023,48
1621508024,49
